CategoryName,Total_Revenue,Total_Orders,Average_Order_Value,Total_Units_Sold
Grains/Cereals,1253731.7900,814,639.98559980,46755
Produce,1249189.9900,822,618.71718177,48327
Condiments,1240763.8400,815,639.89883445,46019
Seafood,1212835.5000,799,664.56739726,43636
Confections,1177359.4900,803,646.54557386,43411
Meat/Poultry,1176269.7900,821,593.47618063,47118
"Dairy Products",1103128.0900,788,616.61715484,42168
Beverages,1067931.6400,799,609.89813821,41785
