Employee,Total_Revenue,Orders_Handled,AVG_Revenue_per_Order,Min_Order_Value,Max_Order_Value
"Margaret Peacock",250187.4500,156,595.68440476,7.3000,10540.0000
"Janet Leverling",213051.3000,127,663.71121495,9.6000,9903.2000
"Nancy Davolio",202143.7100,123,585.92379710,10.0000,15810.0000
"Andrew Fuller",177749.2600,96,737.54879668,4.8000,15810.0000
"Robert King",141295.9900,72,802.81812500,16.0000,10540.0000
"Laura Callahan",133301.0300,104,512.69626923,13.5000,2700.0000
"Anne Dodsworth",82964.0000,43,775.36448598,12.5000,10540.0000
"Michael Suyama",78198.1000,67,465.46488095,20.0000,4456.4400
"Steven Buchanan",75567.7500,42,645.87820513,27.0000,8432.0000
